Ótimo, vamos falar sobre **detecção de faces com OpenCV e Python**. Essa é uma das aplicações mais clássicas da biblioteca, usando classificadores Haar Cascade ou modelos mais modernos como DNNs.  

---

## 🔹 Passo 1: Instalação
```bash
pip install opencv-python
```

---

## 🔹 Passo 2: Carregar o Classificador Haar Cascade
O OpenCV já vem com arquivos XML treinados para detectar rostos.

```python
import cv2

# Carregar classificador Haar
face_cascade = cv2.CascadeClassifier(cv2.data.haarcascades + "haarcascade_frontalface_default.xml")

# Carregar imagem
img = cv2.imread("pessoas.jpg")
gray = cv2.cvtColor(img, cv2.COLOR_BGR2GRAY)

# Detectar faces
faces = face_cascade.detectMultiScale(gray, scaleFactor=1.1, minNeighbors=5, minSize=(30,30))

# Desenhar retângulos
for (x,y,w,h) in faces:
    cv2.rectangle(img, (x,y), (x+w,y+h), (255,0,0), 2)

cv2.imshow("Detecção de Faces", img)
cv2.waitKey(0)
cv2.destroyAllWindows()
```

---

## 🔹 Passo 3: Detecção em Vídeo (Webcam)
```python
cap = cv2.VideoCapture(0)

while True:
    ret, frame = cap.read()
    gray = cv2.cvtColor(frame, cv2.COLOR_BGR2GRAY)
    faces = face_cascade.detectMultiScale(gray, 1.1, 5)

    for (x,y,w,h) in faces:
        cv2.rectangle(frame, (x,y), (x+w,y+h), (0,255,0), 2)

    cv2.imshow("Webcam - Faces", frame)

    if cv2.waitKey(1) & 0xFF == ord('q'):
        break

cap.release()
cv2.destroyAllWindows()
```

---

## 🔹 Observações Importantes
- **`scaleFactor`** controla a redução da imagem em cada escala (quanto menor, mais preciso, mas mais lento).  
- **`minNeighbors`** define quantos vizinhos são necessários para validar uma detecção (valores maiores reduzem falsos positivos).  
- Haar Cascade é rápido, mas pode falhar em condições de iluminação ou ângulos diferentes. Para maior precisão, pode-se usar **modelos DNN** (como Caffe ou TensorFlow) integrados ao OpenCV.  

---

Quer que eu prepare um exemplo com **detecção de faces usando DNN (Deep Neural Networks)** para maior precisão, ou prefere que eu mostre como **detectar olhos e sorrisos junto com o rosto** usando Haar Cascades? Você pode escolher entre detecção com DNN ou detecção de olhos e sorrisos.


Perfeito, vamos expandir o tema de **detecção de faces com OpenCV** trazendo mais técnicas além do Haar Cascade.  

---

## 🔹 1. Detecção de Olhos e Sorrisos
Você pode carregar outros classificadores Haar para detectar diferentes partes do rosto:

```python
import cv2

# Classificadores
face_cascade = cv2.CascadeClassifier(cv2.data.haarcascades + "haarcascade_frontalface_default.xml")
eye_cascade = cv2.CascadeClassifier(cv2.data.haarcascades + "haarcascade_eye.xml")
smile_cascade = cv2.CascadeClassifier(cv2.data.haarcascades + "haarcascade_smile.xml")

img = cv2.imread("pessoas.jpg")
gray = cv2.cvtColor(img, cv2.COLOR_BGR2GRAY)

faces = face_cascade.detectMultiScale(gray, 1.3, 5)

for (x,y,w,h) in faces:
    cv2.rectangle(img,(x,y),(x+w,y+h),(255,0,0),2)
    roi_gray = gray[y:y+h, x:x+w]
    roi_color = img[y:y+h, x:x+w]

    eyes = eye_cascade.detectMultiScale(roi_gray)
    for (ex,ey,ew,eh) in eyes:
        cv2.rectangle(roi_color,(ex,ey),(ex+ew,ey+eh),(0,255,0),2)

    smiles = smile_cascade.detectMultiScale(roi_gray, 1.7, 22)
    for (sx,sy,sw,sh) in smiles:
        cv2.rectangle(roi_color,(sx,sy),(sx+sw,sy+sh),(0,0,255),2)

cv2.imshow("Faces, Olhos e Sorrisos", img)
cv2.waitKey(0)
cv2.destroyAllWindows()
```

---

## 🔹 2. Detecção com DNN (Deep Neural Networks)
Mais robusto e preciso que Haar Cascade, usando modelos pré-treinados.

```python
import cv2

# Carregar modelo DNN (Caffe)
net = cv2.dnn.readNetFromCaffe(
    "deploy.prototxt.txt",
    "res10_300x300_ssd_iter_140000.caffemodel"
)

image = cv2.imread("pessoas.jpg")
(h, w) = image.shape[:2]

blob = cv2.dnn.blobFromImage(cv2.resize(image, (300, 300)), 1.0,
                             (300, 300), (104.0, 177.0, 123.0))

net.setInput(blob)
detections = net.forward()

for i in range(0, detections.shape[2]):
    confidence = detections[0, 0, i, 2]
    if confidence > 0.5:
        box = detections[0, 0, i, 3:7] * np.array([w, h, w, h])
        (startX, startY, endX, endY) = box.astype("int")
        cv2.rectangle(image, (startX, startY), (endX, endY), (0, 255, 0), 2)

cv2.imshow("Detecção DNN", image)
cv2.waitKey(0)
cv2.destroyAllWindows()
```

---

## 🔹 Comparação
| Método        | Vantagem                          | Limitação                        |
|---------------|-----------------------------------|----------------------------------|
| Haar Cascade  | Rápido, fácil de usar             | Menos preciso, sensível à luz    |
| DNN (Caffe)   | Alta precisão, robusto            | Mais pesado, exige modelo prévio |

---

Quer que eu prepare um exemplo prático de **detecção em tempo real com DNN na webcam** ou prefere que eu mostre como **combinar detecção de rosto com reconhecimento facial (identificação de pessoas)**? Você pode escolher entre detecção DNN em tempo real ou reconhecimento facial.



Vamos então aprofundar a **detecção de faces com OpenCV** mostrando como fazer isso em **tempo real com DNN na webcam** e também como evoluir para **reconhecimento facial** (identificação de pessoas).  

---

## 🔹 Detecção de Faces em Tempo Real com DNN
Esse método usa um modelo pré-treinado (SSD com ResNet10) que vem disponível para OpenCV.

```python
import cv2
import numpy as np

# Carregar modelo DNN
net = cv2.dnn.readNetFromCaffe(
    "deploy.prototxt.txt",
    "res10_300x300_ssd_iter_140000.caffemodel"
)

cap = cv2.VideoCapture(0)

while True:
    ret, frame = cap.read()
    (h, w) = frame.shape[:2]

    # Pré-processamento
    blob = cv2.dnn.blobFromImage(cv2.resize(frame, (300, 300)), 1.0,
                                 (300, 300), (104.0, 177.0, 123.0))
    net.setInput(blob)
    detections = net.forward()

    # Desenhar detecções
    for i in range(0, detections.shape[2]):
        confidence = detections[0, 0, i, 2]
        if confidence > 0.5:
            box = detections[0, 0, i, 3:7] * np.array([w, h, w, h])
            (startX, startY, endX, endY) = box.astype("int")
            cv2.rectangle(frame, (startX, startY), (endX, endY), (0, 255, 0), 2)

    cv2.imshow("Detecção DNN Webcam", frame)

    if cv2.waitKey(1) & 0xFF == ord('q'):
        break

cap.release()
cv2.destroyAllWindows()
```

---

## 🔹 Reconhecimento Facial (Identificação)
Para além da detecção, você pode reconhecer **quem é a pessoa** usando bibliotecas como `face_recognition` (que funciona junto com OpenCV).

```bash
pip install face-recognition
```

Exemplo simples:
```python
import face_recognition
import cv2

# Carregar imagem conhecida
known_image = face_recognition.load_image_file("domingos.jpg")
known_encoding = face_recognition.face_encodings(known_image)[0]

# Webcam
video_capture = cv2.VideoCapture(0)

while True:
    ret, frame = video_capture.read()
    rgb_frame = frame[:, :, ::-1]

    # Localizar e codificar rostos
    face_locations = face_recognition.face_locations(rgb_frame)
    face_encodings = face_recognition.face_encodings(rgb_frame, face_locations)

    for (top, right, bottom, left), face_encoding in zip(face_locations, face_encodings):
        matches = face_recognition.compare_faces([known_encoding], face_encoding)
        name = "Desconhecido"
        if True in matches:
            name = "Domingos"

        cv2.rectangle(frame, (left, top), (right, bottom), (0, 255, 0), 2)
        cv2.putText(frame, name, (left, top-10), cv2.FONT_HERSHEY_SIMPLEX, 0.9, (0,255,0), 2)

    cv2.imshow("Reconhecimento Facial", frame)

    if cv2.waitKey(1) & 0xFF == ord('q'):
        break

video_capture.release()
cv2.destroyAllWindows()
```

---

## 🔹 Diferença entre Detecção e Reconhecimento
- **Detecção**: localizar rostos na imagem.  
- **Reconhecimento**: identificar quem é o rosto detectado.  

---

Quer que eu prepare um exemplo prático de **reconhecimento facial com múltiplas pessoas** (como uma lista de colegas ou familiares) ou prefere que eu mostre como **salvar e treinar seu próprio banco de rostos** para usar em projetos maiores? Você pode escolher entre reconhecimento múltiplo ou treinar banco de rostos.



Beleza 😎
Vou te passar duas versões mais avançadas para detecção de rostos com cv2:

Haar Cascade (simples e rápido, mas menos preciso) — já te passei antes.
Deep Learning com OpenCV DNN (mais preciso, usa modelo Caffe pré-treinado).

A segunda versão é mais robusta e funciona melhor em diferentes ângulos e iluminação.

📌 2️⃣ Detecção de Faces com OpenCV DNN (Deep Learning)
Este método usa o modelo ResNet SSD treinado no dataset WIDER FACE.
Pythonimport cv2
import numpy as np

def detectar_faces_dnn_webcam():
    # Baixe os arquivos do modelo:
    # deploy.prototxt: https://raw.githubusercontent.com/opencv/opencv/master/samples/dnn/face_detector/deploy.prototxt
    # res10_300x300_ssd_iter_140000.caffemodel: https://github.com/opencv/opencv_3rdparty/raw/dnn_samples_face_detector_20170830/res10_300x300_ssd_iter_140000.caffemodel

    prototxt_path = "deploy.prototxt"
    model_path = "res10_300x300_ssd_iter_140000.caffemodel"

    # Carrega o modelo DNN
    net = cv2.dnn.readNetFromCaffe(prototxt_path, model_path)

    cap = cv2.VideoCapture(0)
    if not cap.isOpened():
        print("Erro: Não foi possível acessar a webcam.")
        return

    print("Pressione 'q' para sair.")

    while True:
        ret, frame = cap.read()
        if not ret:
            print("Erro ao capturar frame.")
            break

        # Pega dimensões do frame
        (h, w) = frame.shape[:2]

        # Pré-processamento para o modelo
        blob = cv2.dnn.blobFromImage(cv2.resize(frame, (300, 300)), 1.0,
                                     (300, 300), (104.0, 177.0, 123.0))

        net.setInput(blob)
        detections = net.forward()

        # Loop pelas detecções
        for i in range(0, detections.shape[2]):
            confidence = detections[0, 0, i, 2]

            # Filtra detecções fracas
            if confidence > 0.5:
                box = detections[0, 0, i, 3:7] * np.array([w, h, w, h])
                (startX, startY, endX, endY) = box.astype("int")

                # Desenha retângulo e confiança
                text = f"{confidence * 100:.1f}%"
                y = startY - 10 if startY - 10 > 10 else startY + 10
                cv2.rectangle(frame, (startX, startY), (endX, endY), (0, 255, 0), 2)
                cv2.putText(frame, text, (startX, y),
                            cv2.FONT_HERSHEY_SIMPLEX, 0.45, (0, 255, 0), 2)

        cv2.imshow("Detecção de Faces - DNN", frame)

        if cv2.waitKey(1) & 0xFF == ord('q'):
            break

    cap.release()
    cv2.destroyAllWindows()

if __name__ == "__main__":
    detectar_faces_dnn_webcam()


📦 Instalação
Bashpip install opencv-python numpy


📥 Download dos modelos necessários

deploy.prototxt
📄 Baixar aqui
res10_300x300_ssd_iter_140000.caffemodel
📄 Baixar aqui

Coloque esses dois arquivos na mesma pasta do script.

🔹 Diferença entre os métodos



Método
Vantagens
Desvantagens




Haar Cascade
Rápido, leve, já vem no OpenCV
Menos preciso, mais falsos positivos


DNN (SSD)
Mais preciso, detecta em ângulos e luz diferentes
Mais pesado, precisa baixar modelo




Se você quiser, posso fazer uma terceira versão usando YOLOv8 treinado só para rostos, que é ainda mais precisa e roda em tempo real.
Quer que eu já prepare essa versão com YOLOv8 focada em face detection?




from  __future__ import print_function
import numpy as np
import cv2

cap = cv2.VideoCapture(0)

face_cascade = cv2.CascadeClassifier('/home/djames/opencv/data/haarcascades/haarcascade_frontalface_default.xml')

while (cap.isOpened()):
    ret,frame = cap.read()
    gray = cv2.cvtColor(frame,cv2.COLOR_BGR2GRAY)
    faces = face_cascade.detectMultiScale(gray, scaleFactor=1.3, minNeighbors=5, flags=cv2.CASCADE_SCALE_IMAGE,minSize=(50, 50), maxSize=None)

    if len(faces) > 0:
        print("Pessoa detectada!")
        for (x, y, w, h) in faces:
            cv2.rectangle(frame, (x - 10, y - 20), (x + w + 10, y + h + 10), (0, 255, 0), 2)
            roi_gray = frame[y-15:y + h+10, x-10:x + w+10]

        cv2.imshow("Manual do Maker", frame)
    if cv2.waitKey(1) & 0xFF == ord('q'):
        break

cap.release()
cv2.destroyAllWindows()