**Aqui está um guia prático de segmentação de imagens com Python e OpenCV: você aprenderá a usar técnicas como limiarização, contornos e o algoritmo Watershed para separar objetos em uma imagem.**  

---

## 🔹 Passo 1: Instalação
Certifique-se de ter o OpenCV e NumPy instalados:
```bash
pip install opencv-python numpy
```

---

## 🔹 Passo 2: Carregar e Pré-processar a Imagem
```python
import cv2
import numpy as np

# Carregar imagem
image = cv2.imread('imagem.jpg')

# Converter para escala de cinza
gray = cv2.cvtColor(image, cv2.COLOR_BGR2GRAY)

# Mostrar imagem original
cv2.imshow("Original", image)
cv2.waitKey(0)
```

---

## 🔹 Passo 3: Limiarização (Thresholding)
Transforma a imagem em binária para separar objetos do fundo.
```python
# Aplicar limiar
_, thresh = cv2.threshold(gray, 0, 255, cv2.THRESH_BINARY + cv2.THRESH_OTSU)

cv2.imshow("Limiarização", thresh)
cv2.waitKey(0)
```

---

## 🔹 Passo 4: Encontrar Contornos
Os contornos ajudam a identificar os limites dos objetos.
```python
# Encontrar contornos
contours, hierarchy = cv2.findContours(thresh, cv2.RETR_TREE, cv2.CHAIN_APPROX_SIMPLE)

# Desenhar contornos
contour_img = image.copy()
cv2.drawContours(contour_img, contours, -1, (0,255,0), 2)

cv2.imshow("Contornos", contour_img)
cv2.waitKey(0)
```

---

## 🔹 Passo 5: Segmentação com Watershed
O algoritmo Watershed é útil para separar objetos que estão colados.
```python
# Aplicar gradiente
kernel = np.ones((3,3), np.uint8)
sure_bg = cv2.dilate(thresh, kernel, iterations=3)

# Distância para separar objetos
dist_transform = cv2.distanceTransform(thresh, cv2.DIST_L2, 5)
_, sure_fg = cv2.threshold(dist_transform, 0.7*dist_transform.max(), 255, 0)

# Regiões desconhecidas
sure_fg = np.uint8(sure_fg)
unknown = cv2.subtract(sure_bg, sure_fg)

# Marcadores
_, markers = cv2.connectedComponents(sure_fg)
markers = markers + 1
markers[unknown==255] = 0

# Aplicar Watershed
markers = cv2.watershed(image, markers)
image[markers == -1] = [255,0,0]

cv2.imshow("Watershed", image)
cv2.waitKey(0)
cv2.destroyAllWindows()
```

---

## 🔹 Aplicações
- **Detecção de células** em imagens médicas.  
- **Separação de objetos** em visão computacional.  
- **Reconhecimento de formas** em sistemas industriais.  

---

Quer que eu monte um tutorial focado em **segmentação por cor** (útil para detectar objetos coloridos, como frutas ou roupas) ou prefere aprofundar no **algoritmo Watershed** para separar objetos colados? Você pode escolher entre segmentação por cor ou algoritmo Watershed.



Parece que você quis dizer “mais” — então vamos aprofundar o tutorial de **segmentação com OpenCV e Python** trazendo outras técnicas além da limiarização e Watershed.  

---

## 🔹 Segmentação por Cor (HSV)
Muito útil para separar objetos coloridos (ex.: frutas, roupas, sinais).

```python
import cv2
import numpy as np

# Carregar imagem
image = cv2.imread('frutas.jpg')

# Converter para HSV
hsv = cv2.cvtColor(image, cv2.COLOR_BGR2HSV)

# Definir intervalo de cor (exemplo: vermelho)
lower_red = np.array([0,120,70])
upper_red = np.array([10,255,255])

# Criar máscara
mask = cv2.inRange(hsv, lower_red, upper_red)

# Aplicar máscara
result = cv2.bitwise_and(image, image, mask=mask)

cv2.imshow("Original", image)
cv2.imshow("Mascara", mask)
cv2.imshow("Segmentado", result)
cv2.waitKey(0)
cv2.destroyAllWindows()
```

---

## 🔹 Segmentação com K-means (Clustering)
Divide a imagem em grupos de cores semelhantes.

```python
# Converter para dados de clustering
Z = image.reshape((-1,3))
Z = np.float32(Z)

# Definir número de clusters
K = 3
criteria = (cv2.TERM_CRITERIA_EPS + cv2.TERM_CRITERIA_MAX_ITER, 10, 1.0)
ret,label,center=cv2.kmeans(Z,K,None,criteria,10,cv2.KMEANS_RANDOM_CENTERS)

# Reconstruir imagem
center = np.uint8(center)
res = center[label.flatten()]
segmented_image = res.reshape((image.shape))

cv2.imshow("Segmentado K-means", segmented_image)
cv2.waitKey(0)
cv2.destroyAllWindows()
```

---

## 🔹 Comparação das Técnicas

| Técnica            | Vantagem                          | Limitação                         |
|--------------------|-----------------------------------|-----------------------------------|
| Limiarização       | Simples e rápido                  | Funciona melhor em imagens binárias |
| Contornos          | Identifica formas                 | Depende de boa binarização        |
| Watershed          | Separa objetos colados            | Mais complexo, exige pré-processamento |
| HSV (cor)          | Ótimo para objetos coloridos      | Sensível à iluminação             |
| K-means            | Agrupa por cores automaticamente  | Pode ser lento em imagens grandes |

---

Quer que eu prepare um exemplo prático com **segmentação de frutas por cor** (ideal para treinar com imagens simples) ou prefere um **exemplo com K-means em fotos reais** para ver como funciona em cenários mais complexos? Você pode escolher entre segmentação de frutas ou segmentação com K-means.